{"Settings":{"bg":{"colorValue":{"r":0.32627452177159927,"g":0.3301675700427378,"b":0.4333333492279053,"a":1.0,"linearity":"SRGB"}},"innerRadius":{"doubleValue":73.73179132345679},"outerRadius":{"doubleValue":300.0},"rotation":{"doubleValue":0.0},"segments":{"intValue":13}}}