{"Settings":{"bg":{"colorValue":{"r":0.2509804041245404,"g":0.28691623471509975,"b":0.33333334922790525,"a":1.0,"linearity":"SRGB"}},"innerRadius":{"doubleValue":109.97076765},"outerRadius":{"doubleValue":300.0},"rotation":{"doubleValue":0.0},"segments":{"intValue":13}}}